{"cameraMode":{"drawMode":0,"name":"Shaded","section":"Shading Mode"},"sceneLighting":true,"audioPlay":false,"sceneViewState":{"showFog":true,"showMaterialUpdate":false,"showSkybox":true,"showFlares":true,"showImageEffects":true,"showParticleSystems":true},"in2DMode":false,"pivot":{"x":-0.2366875410079956,"y":1.7383304834365845,"z":-0.07156309485435486},"rotation":{"x":-0.04422576352953911,"y":0.786660373210907,"z":-0.0567375011742115,"w":-0.6131841540336609},"size":3.623002529144287,"orthographic":false}